[
    {
        "orderid": "123",
        "plandatum": "18-04-2015",
        "tijd": "09:00",
        "omschrijving": "Installatie",
        "klant": {
            "naam": "Pieter Versteeg",
            "straat": "Gruppenlaan 17",
            "postcode": "1236AB",
            "plaats": "Amsterdam",
            "telefoon": "0421-123455",
            "email": "pietervg@mail.nl",
            "abonnement": {
                    "abonnementregels": [
                      {
                        "type": "Internet",
                        "product": "VDSL 40000/30721:40",
                        "status": "Actief"
                      },
                      {
                        "type": "Hosting",
                        "product": "Domeinnaam met 5 e-mailboxen",
                        "status": "Actief"
                      },
                      {
                        "type": "Telefonie",
                        "product": "Bellen basis",
                        "status": "Beëindigen"
                      },
                      {
                        "type": "Televisie",
                        "product": "Interactieve TV voor 1 TV (iTV)",
                        "status": "Actief"
                      },
                      {
                        "type": "Hardware",
                        "product": "Extra iTV settupbox in bruikleen",
                        "status": "Actief"
                      }
                    ],
                    "internet": {
                            "netwerk": "KPN",
                            "snelheid": "20MBps",
                            "iptoewijzing": "DHCP",
                            "login": "dsl1234",
                            "wachtwoord": "12341234"
                        },
                    "televisie": {
                            "soort": "IPTV",
                            "accountcode": "iptv1234",
                            "pincode": "12341234"
                        },
                    "telefoon": {
                            "telefoonnummer": "0421-123455",
                            "login": "tel1234",
                            "wachtwoord": "12341234"
                        }
                }
           
        },
        "ticket": {
            "ticketid": "1201",
            "datum": "2014-08-18 09:00:21",
            "omschrijving": "TEST 1 2 3",
            "ticketregels": [
              {
                "datum": "2014-08-21 14:54:09",
                "notitie": "Dit is een notitie",
                "verantw": "Maarten G. Kempe"
              },
              {
                "datum": "2014-08-22 07:24:16",
                "notitie": "Dit is een tweede notitie",
                "verantw": "Huib Kuyt"
              },
              {
                "datum": "2014-08-24 18:21:59",
                "notitie": "Dit is een derde notitie",
                "verantw": "Jan Klaassen"
              }
            ]
        }
    },
    {
        "orderid": "124",
        "plandatum": "18-04-2015",
        "tijd": "10:00",
        "omschrijving": "Installatie",
        "klant": {
            "naam": "Klaas Pieterson",
            "straat": "Vinkenstraat 44B",
            "postcode": "1012KL",
            "plaats": "Utrecht",
            "telefoon": "0326-143238",
            "email": "klaaspietserson@hotmail.com"
        },
        "ticket": {}
    },
    {
        "orderid": "125",
        "plandatum": "18-04-2015",
        "omschrijving": "Reparatie",
        "tijd": "11:00",
        "klant": {
          "naam": "Jan van Dijk",
          "straat": "Oude straat 14",
          "postcode": "4356GH",
          "plaats": "Zwolle",
          "telefoon": "0534-478374",
          "email": "j.vandijk@hotmail.nl"
        },
        "ticket": {}
      }
]